matched,code,display,definition,parent_code,parent_display,lvl1_code,lvl1_display
6-Minuten-Gehtest,DG060205,6-Minuten-Gehtest,"Die Dokumentation beinhaltet Messwerte der Herzfrequenz, des Blutdrucks und der Sauerstoffversorgung des Blutes vor und nach dem Zurücklegen einer Strecke. Inkl.: Gehstreckentest, Anforderung 6-Minuten-Gehtest",DG0602,Funktionstests,DG,Diagnostik
AbschlussberichtSozialdienst,AM190204,Abschlussbericht Sozialdienst,Die Dokumentation beinhaltet einen Bericht bzw. eine Zusammenfassung eines Patientenfalls bezüglich der nachstationären Betreuung oder weiteren Behandlung.,AM1902,Sozialdienst,AM,Administration
Ambulanzbrief,AD010111,Ambulanzbrief,Die Dokumentation beinhaltet die Zusammenfassung einer ambulanten Behandlung in Briefform. Inkl.: Sprechstundenbrief,AD0101,Arztberichte,AD,Arztdokumentation
Anamnesebogen,AU010101,Anamnesebogen,"Die Dokumentation beinhaltet medizinische, relevante Informationen zur Vorgeschichte. Inkl.: Krankengeschichte",AU0101,Aufnahmedokumente,AU,Aufnahme
AnforderungUnterlagenMD,AM190112,Anforderung Unterlagen MD,"Die Dokumentation beinhaltet eine Liste mit den zur Prüfung der Abrechnung notwendigen Unterlagen in der Klassifikation nach IHE/KDL (gem. Abschnitt 6.2, Anlage 1,eVV) oder zur Leistungsgruppen/StrOPS-Prüfung durch den Medizinischen Dienst. Exkl.: Anforderung Unterlagen",AM1901,Schriftverkehr,AM,Administration
Angiographiebefund,DG020102,Angiographiebefund,"Die Dokumentation beinhaltet Ergebnisse einer speziellen radiologischen Untersuchung, bei der Arterien, Venen oder Lymphbahnen bildlich dargestellt und ausgewertet werden. Inkl.: Phlebographiebefund Exkl.: Herzkatheterprotokoll",DG0201,Bildgebende Diagnostiken,DG,Diagnostik
AnmeldungAufnahme,AU010102,Anmeldung Aufnahme,Die Dokumentation beinhaltet persönliche und organisatorische Angaben zur Aufnahme. Inkl. KBV Muster PTV12,AU0101,Aufnahmedokumente,AU,Aufnahme
Anordnung/Verordnung,AD060108,Anordnung/Verordnung,"Die Dokumentation beinhaltet die Festlegung therapeutischer Maßnahmen. Inkl.: KBV Muster 63/64/65 (Verordnung spezialisierter ambulanter Palliativversorgung) Exkl.: Heil-/ Hilfsmittelverordnung, Rezept, Psychologische Therapieanordnung, Verordnung von Krankenhausbehandlung, Postoperative Verordnung, Bestrahlungsverordnung",AD0601,Fallbesprechungen,AD,Arztdokumentation
AntragaufBetreuung,AM010202,Antrag auf Betreuung,Die Dokumentation beinhaltet eine Anfrage auf eine gesetzliche Vormundschaft durch das Gericht.,AM0102,Anträge,AM,Administration
AntragaufRehabilitation,AM010201,Antrag auf Rehabilitation,"Die Dokumentation beinhaltet eine Anfrage an den zuständigen Kostenträger für Maßnahmen zum Erhalt oder Verbesserung des Gesundheitszustandes. Inkl.: KBV Muster 25 (Anregung einer ambulanten Vorsorgeleistung in anerkannten Kurorten), Ärztlicher Befundbericht zum AHB Antrag",AM0102,Anträge,AM,Administration
Anästhesieaufklärungsbogen,AM010301,Anästhesieaufklärungsbogen,"Die Dokumentation beinhaltet Angaben über die Aufklärung der geplanten Anästhesie. Inkl.: Anamnese, Begleitmedikation, geplanter Eingriff, Vitaldaten, Präoperative Visite",AM0103,Aufklärungen,AM,Administration
Anästhesieprotokollintraoperativ,VL010205,Apotheke Visitenprotokoll,Die Dokumentation beinhaltet Angaben zu pharmazeutischen Visiten mit Besprechung des aktuellen Zustandes sowie weiterer Maßnahmen bzgl. der Arzneimitteltherapie. Exkl. Visitenprotokoll,VL0102,Apothekendokumentation,VL,Verlauf
Audiometriebefund,DG060102,Audiometriebefund,Die Dokumentation beinhaltet Ergebnisse über die Messung der Funktionalität des Gehörs.,DG0601,Funktionsdiagnostiken,DG,Diagnostik
Aufenthaltsbescheinigung,AD020107,Aufenthaltsbescheinigung,"Die Dokumentation beinhaltet den Nachweis, in welchem Zeitraum der stationäre Aufenthalt stattgefunden hat.",AD0201,Bescheinigungen,AD,Arztdokumentation
Aufnahmebogen,AU010103,Aufnahmebogen,"Die Dokumentation beinhaltet den Befund des aktuellen Zustands bei Aufnahme und Informationen zur Vorgeschichte. Inkl.: Aufahmebefund, Aufnahmeblatt, Krankenblatt",AU0101,Aufnahmedokumente,AU,Aufnahme
Aufwachraumprotokoll,OP010102,Aufwachraumprotokoll,"Die Dokumentation beinhaltet Angaben über die Aufwachphase nach einem Eingriff, Operation.",OP0101,Anästhesie,OP,Operation
Ausweiskopie,AM160110,Ausweiskopie,"Die Dokumentation beinhaltet die Kopie eines Ausweisdokumentes. Exkl.: Herzschrittmacherausweis, Implantat-Ausweis",AM1601,Patienteneigene Dokumente,AM,Administration
BarthelIndex,SD070201,Barthel Index,Die Dokumentation beinhaltet Angaben zur Ermittlung der eventuell benötigten Hilfestellung im Alltag. Die Auswertung erfolgt durch ein Punktesystem.,SD0702,Geriatrische Dokumente,SD,Spezielle Dokumentation
Beatmungsprotokoll,VL090101,Beatmungsprotokoll,Die Dokumentation beinhaltet standardisierte Angaben zur Art und Dauer von Beatmungsepisoden.,VL0901,Intensivmedizinische Dokumente,VL,Verlauf
Befundbogen,AD020202,Befundbogen,"Die Dokumentation beinhaltet Ergebnisse der ärztlichen Untersuchung. Exkl.: Funktionsdiagnostik, bildgebende Diagnostik, Funktionstest, Ärztlicher Befundbericht",AD0202,Befunderhebungen,AD,Arztdokumentation
BefundevozierterPotentiale,DG060103,Befund evozierter Potentiale,"Die Dokumentation beinhaltet Ergebnisse von neurophysiologischen Untersuchungen, bei der Veränderungen der elektrischen Aktivität von Nerven, Rückenmark oder Gehirn dargestellt und ausgewertet werden. z.B.: VEP, AEP, SEP",DG0601,Funktionsdiagnostiken,DG,Diagnostik
Befundextern,AD020208,Befund extern,"Die Dokumentation beinhaltet Ergebnisse von verschiedenen ärztlichen/therapeutischen Untersuchungen und Befunderhebungen, welche in vorbehandelnden Einrichtungen/Praxen entstanden sind, aber nicht durch eine spezifischere KDL abgebildet werden kann. Exkl. Laborbefund extern;  Hinw.: Diese KDL-Dokumentenklasse wird ab 1. Januar 2026 obsolet.",AD0202,Befunderhebungen,AD,Arztdokumentation
Behandlungsplan,VL040309,Behandlungsplan,"Die Dokumentation beinhaltet eine Übersicht von geplanten Maßnahmen zur Behandlung. Inkl.: KBV Muster 70 (Behandlungsplan für Maßnahmen zur künstlichen Befruchtung), Terminplan, Übersicht über Behandlungstermine",VL0403,Durchführungsnachweise,VL,Verlauf
Behandlungsvertrag,AM220101,Behandlungsvertrag,Die Dokumentation beinhaltet Angaben zum Umfang einer Behandlung und die damit verbundenen Rechte und Pflichten zwischen  Einrichtung und Patient.,AM2201,Verträge,AM,Administration
Blutdruckprotokoll,DG060104,Blutdruckprotokoll,Die Dokumentation beinhaltet Ergebnisse von Messungen des arteriellen und venösen Drucks in den Blutgefäßen.,DG0601,Funktionsdiagnostiken,DG,Diagnostik
Blutgasanalyse,LB020101,Blutgasanalyse,Die Dokumentation beinhaltet Ergebnisse zur Gasverteilung im Blut.,LB0201,Blut,LB,Labor
Bluttransfusionsprotokoll,TH200103,Bluttransfusionsprotokoll,Die Dokumentation beinhaltet alle relevanten Angaben zur Übertragung von Blut oder Blutbestandteilen an den Empfänger.,TH2001,Transfusionsdokumente,TH,Therapie
CT-Befund,DG020103,CT-Befund,"Die Dokumentation beinhaltet Ergebnisse einer speziellen radiologischen Untersuchung. Es entsteht ein mehrdimensionaler Querschnitt von Knochen und Weichteilen, welcher bildlich dargestellt und ausgewertet wird. Exkl.: PET-Befund",DG0201,Bildgebende Diagnostiken,DG,Diagnostik
Chargendokumentation,OP150101,Chargendokumentation,Die Dokumentation beinhaltet den Nachweis über verwendete Medizinprodukte und Arzneimittel während eines Eingriffes/Untersuchung. Exkl.: OP-Zählprotokoll,OP1501,OP-Dokumente,OP,Operation
ChecklisteAufnahme,AU010104,Checkliste Aufnahme,"Die Dokumentation beinhaltet Angaben über erforderliche medizinische, organisatorische Maßnahmen zum Aufnahmezeitpunkt. Erfolgte Durchführungen werden gekennzeichnet.",AU0101,Aufnahmedokumente,AU,Aufnahme
ChecklistebildgebendeDiagnostik,DG020115,Checkliste bildgebende Diagnostik,"Die Dokumentation beinhaltet Angaben über Voraussetzungen, den Ablauf oder erforderliche bildgebende Diagnostiken. Erfolgte Durchführungen werden gekennzeichnet.",DG0201,Bildgebende Diagnostiken,DG,Diagnostik
Chemotherapieprotokoll,TH130103,Chemotherapieprotokoll,Die Dokumentation beinhaltet den Nachweis über die verabreichte Dosis der Zytostatika und die Anzahl der Zyklen.,TH1301,Medikamentöse Therapien,TH,Therapie
DiabetikerKurve,VL040101,Diabetiker Kurve,Die Dokumentation beinhaltet Messungen zur Kontrolle des Blutzuckers über einen bestimmten Zeitraum.,VL0401,Diabetesdokumente,VL,Verlauf
Dialyseprotokoll,VL040202,Dialyseprotokoll,Die Dokumentation beinhaltet die Durchführung eines Blutreinigungsverfahrens.,VL0402,Dialysedokumente,VL,Verlauf
DokumentationCOVID,SD110107,Dokumentation COVID,"Die Dokumentation beinhaltet Angaben über den Mehraufwand bei einer Infektion durch ein COVID-Virus. Stehen für diagnostische und/oder therapeutische Maßnahmen im Rahmen der COVID-Behandlung spezifischere KDL-Kodes zur Verfügung, sind diese zu verwenden. Inkl.: Long COVID Dokumentation, Exkl.: Dokumentation Meldepflicht",SD1101,Komplexbehandlungen,SD,Spezielle Dokumentation
DokumentationsbogenHerzschrittmacherkontrolle,DG060107,Dokumentationsbogen Herzschrittmacherkontrolle,Die Dokumentation beinhaltet Ergebnisse einer Nachsorgeuntersuchung nach dem Einsetzen eines Herzschrittmacherimplantats.,DG0601,Funktionsdiagnostiken,DG,Diagnostik
DokumentationsbogenLungenfunktionsprüfung,DG060108,Dokumentationsbogen Lungenfunktionsprüfung,"Die Dokumentation beinhaltet Ergebnisse einer Untersuchung zur Feststellung der Leistungsfähigkeit der Lunge. Inkl.: Bodyplethysmographie, Spirometrie",DG0601,Funktionsdiagnostiken,DG,Diagnostik
DokumentationsbogenMeldepflicht,AM170101,Dokumentationsbogen Meldepflicht,"Die Dokumentation beinhaltet meldepflichtigen Daten an Dritte. Inkl.: Infektionserkrankungen, Krankheitserreger, unerwünschte Ereignisse durch Medizinprodukte",AM1701,Qualitätssicherungen,AM,Administration
EEG-Auswertung,DG060109,EEG-Auswertung,Die Dokumentation beinhaltet die Ergebnisse sowie die visuelle Darstellung der Aufzeichnung und Messung der elektrischen Ströme des Gehirns.,DG0601,Funktionsdiagnostiken,DG,Diagnostik
EKG-Auswertung,DG060111,EKG-Auswertung,"Die Dokumentation beinhaltet die Ergebnisse sowie die visuelle Darstellung der Aufzeichnung und Messung der elektrischen Aktivität des Herzens. Exkl.: Ergometriebefund, Belastungs-EKG",DG0601,Funktionsdiagnostiken,DG,Diagnostik
EMG-Befund,DG060110,EMG-Befund,Die Dokumentation beinhaltet die Ergebnisse sowie die visuelle Darstellung der Aufzeichnung und Messung der elektrischen Muskelaktivität.,DG0601,Funktionsdiagnostiken,DG,Diagnostik
Echokardiographiebefund,DG020104,Echokardiographiebefund,"Die Dokumentation beinhaltet Ergebnisse einer ultraschallgestützten Untersuchung der Struktur und Funktion des Herzens, welche bildlich dargestellt und ausgewertet werden.",DG0201,Bildgebende Diagnostiken,DG,Diagnostik
Ein-undAusfuhrprotokoll,VL040301,Ein- und Ausfuhrprotokoll,"Die Dokumentation beinhaltet Angaben zu Ein - und Ausfuhrmengen in einem bestimmten Zeitraum. Exkl.: Medikamentenplan, Sondenplan",VL0403,Durchführungsnachweise,VL,Verlauf
Einsatzprotokoll,AU190101,Einsatzprotokoll,"Die Dokumentation beinhaltet Angaben über den notarztspezifischen Einsatz. Inkl.: Rettungsstellenprotokoll, Nothilfeprotokoll",AU1901,Rettungsstelle,AU,Aufnahme
EinverständniserklärungBehandlung,AM050105,Einverständniserklärung Behandlung,"Die Dokumentation beinhaltet die schriftliche Erlaubnis um eine geplante Behandlung durchführen und dokumentieren zu können. Inkl.: Einwilligungserklärung Fotodokumentation, Einverständniserklärung Neugeborenenscreening, Einwilligung Apotheke (bspw. zur Herstellung von Arzneimitteln); Exkl.: Einwilligungen im Rahmen der medizinischen Aufklärung (Unterklasse Aufklärungen (AM0103))",AM0501,Einwilligungen/Erklärungen,AM,Administration
EinwilligungundDatenschutzerklärungEntlassungsmanagement,AM050106,Einwilligung und Datenschutzerklärung Entlassungsmanagement,Die Dokumentation beinhaltet ein bundeseinheitliches Formular zu Inhalten und Zielen des Entlassmanagement mit schriftlicher Einwilligung zur Datenübermittlung an die Krankenkasse mit Widerruf.,AM0501,Einwilligungen/Erklärungen,AM,Administration
Endoskopiebefund,DG020105,Endoskopiebefund,Die Dokumentation beinhaltet Ergebnisse einer Untersuchung bei der Körperhöhlen und Hohlorgane von innen bildlich dargestellt und ausgewertet werden.,DG0201,Bildgebende Diagnostiken,DG,Diagnostik
EntlassunggegenärztlichenRat,AM050108,Entlassung gegen ärztlichen Rat,"Die Dokumentation beinhaltet die schriftliche Einwilligung, die stationäre Behandlung vorzeitig gegen ärztlichen Rat abzubrechen.",AM0501,Einwilligungen/Erklärungen,AM,Administration
Entlassungsberichtextern,AD010104,Entlassungsbericht extern,Die Dokumentation beinhaltet die endgültige Zusammenfassung des stationären Aufenthaltes. Erstellt von einer vorbehandelnden Einrichtung. Exkl.: Verlegungsbericht extern; Hinw.: Diese KDL-Dokumentenklasse wird ab 1. Januar 2026 obsolet. Die Abbildung ist ab sofort mit der KDL AD010115 (Entlassungsbericht) möglich.,AD0101,Arztberichte,AD,Arztdokumentation
Entlassungsberichtintern,AD010103,Entlassungsbericht intern,Die Dokumentation beinhaltet die endgültige Zusammenfassung des stationären Aufenthaltes. Erstellt von der entlassenden Einrichtung. Exkl.: Verlegungsbericht intern; Hinw.: Diese KDL-Dokumentenklasse wird ab 1. Januar 2026 obsolet. Die Abbildung ist ab sofort mit der KDL AD010115 (Entlassungsbericht) möglich.,AD0101,Arztberichte,AD,Arztdokumentation
Entlassungsplan,AM030103,Entlassungsplan,Die Dokumentation beinhaltet Angaben zur Vorbereitung einer Entlassung nach stationärem Aufenthalt.,AM0301,Checklisten Administration,AM,Administration
Ergotherapieprotokoll,TH060101,Ergotherapieprotokoll,"Die Dokumentation beinhaltet Angaben zur Planung, Zielsetzung und Durchführung der ergotherapeutischen Behandlung. Inkl.: Abschlussbericht, Exkl.: Anforderung Funktionstherapie",TH0601,Funktionstherapien,TH,Therapie
Ernährungsscreening,VL010104,Ernährungsscreening,Die Dokumentation beinhaltet Angaben zur Einschätzung des Ernährungszustands.,VL0101,Assessmentbögen,VL,Verlauf
FaxArztauskunft,ED190107,Fax Arztauskunft,Die Dokumentation beinhaltet den Informationsaustausch per Fax - direkt elektronisch oder ausgedruckt in Papierkrankenakte. Schwerpunkt: Arztauskunft ohne Befundergebnisse,ED1901,Schriftverkehr elektronisch,ED,Elektronische Dokumentation
FaxSonstige,ED190108,Fax Sonstige,Die Dokumentation beinhaltet den Informationsaustausch per Fax - direkt elektronisch oder ausgedruckt in Papierkrankenakte - die nicht in einer spezifischeren KDL dieser Unterklasse abgebildet werden kann.,ED1901,Schriftverkehr elektronisch,ED,Elektronische Dokumentation
FotodokumentationDiagnostik,ED020103,Fotodokumentation Diagnostik,"Die Dokumentation beinhaltet die digitale direkte Fotodokumentation, die ohne Medienbruch zwischen Anwendungssystemen übertragen wird - Schwerpunkt: Diagnostik",ED0201,Bilddokumentation,ED,Elektronische Dokumentation
Geburtenbericht,SD070101,Geburtenbericht,"Die Dokumentation beinhaltet Angaben zum Ablauf der Entbindung und unmittelbar danach, mit Angaben zur Mutter und zum Kind. Die Erfassung erfolgt nicht standardisiert als Freitext. Inkl.: Geburtenprotokoll",SD0701,Geburtendokumente,SD,Spezielle Dokumentation
GeriatrischeKomplexbehandlung,SD110101,Geriatrische Komplexbehandlungsdokumentation,Die Dokumentation beinhaltet eine ganzheitliche interdisziplinäre geriatrische Beurteilung mit Festlegung von Maßnahmen im Behandlungsverlauf. Exkl.: Teambesprechungsprotokoll,SD1101,Komplexbehandlungen,SD,Spezielle Dokumentation
H2Atemtest,DG060202,H2 Atemtest,"Die Dokumentation beinhaltet Ergebnisse einer Untersuchung der Atemgase zur Diagnostik von Magen-Darm Erkrankungen. Inkl.: Anforderung H2 Atemtest, C13 Atemtest",DG0602,Funktionstests,DG,Diagnostik
Heil-/Hilfsmittelverordnung,AM160301,Heil- / Hilfsmittelverordnung,"Die Dokumentation beinhaltet eine ärztliche Anweisung zur Durchführung von therapeutischen Behandlungen (Bsp. Physiotherapie, Ergotherapie, Logotherapie etc.) sowie die Verordnung von Hilfsmitteln zur therapeutischen Unterstützung (Bsp. Bandagen, Gehilfen, Prothesen etc.). Inkl.: KBV Muster 8 (Sehhilfenverordnung), 8a (Verordnung von vergrößernden Sehhilfen), 13 (Heilmittelverordnung Physikalische Th.), 14, 15 (Verordnung einer Hörhilfe), 18 (Verordnung Ergotherapie), 28 (Verordnung Soziotherapie)",AM1603,Poststationäre Verordnungen,AM,Administration
Herzkatheterprotokoll,DG020106,Herzkatheterprotokoll,"Die Dokumentation beinhaltet Ergebnisse einer minimalinvasiven Untersuchung des Herzens, unter radiologischer Kontrolle, über einen speziellen Katheter. Exkl.: Angiographieprotokoll",DG0201,Bildgebende Diagnostiken,DG,Diagnostik
Herzschrittmacherausweis,AM160107,Herzschrittmacherausweis,Die Dokumentation beinhaltet Angaben zum implantierten Schrittmacher einer Person in Form eines Ausweises.,AM1601,Patienteneigene Dokumente,AM,Administration
Histologiebefund,PT080102,Histologiebefund,Die Dokumentation beinhaltet Ergebnisse einer Untersuchung zur Bestimmung von Veränderungen anhand von Gewebeproben.,PT0801,Histopathologie,PT,Pathologie
ICD-Kontrolle,DG060122,Dokumentationsbogen ICD-Kontrolle,Die Dokumentation beinhaltet Ergebnisse einer Nachsorgeuntersuchung nach dem Einsetzen eines Defibrillators auf seine Funktion.,DG0601,Funktionsdiagnostiken,DG,Diagnostik
Implantat-Ausweis,AM160111,Implantat-Ausweis,Die Dokumentation beinhaltet Angaben zu Implantaten einer Person.,AM1601,Patienteneigene Dokumente,AM,Administration
Infektionsdokumentationsbogen,VL040310,Infektionsdokumentationsbogen,Die Dokumentation beinhaltet Angaben zur Art und Dauer der Behandlung von Infektionskrankheiten und Erregern. Inkl.: MRSA/MRE Screening und Sanierung Exkl.: Nosokomialdokumentation,VL0403,Durchführungsnachweise,VL,Verlauf
Insulinplan,VL040102,Insulinplan,Die Dokumentation beinhaltet Angaben über die Verabreichungsdauer und Verabreichungsart von Insulin.,VL0401,Diabetesdokumente,VL,Verlauf
Intensivdokumentationsbogen,VL090105,Intensivdokumentationsbogen,"Die Dokumentation beinhaltet Angaben zur standardisierten Erfassung unter anderem von: Vitalzeichen, Medikamentenverabreichung, Pflegemaßnahmen, Beatmungssituation und Laborwerten.",VL0901,Intensivmedizinische Dokumente,VL,Verlauf
Intensivkurve,VL090102,Intensivkurve,"Die Dokumentation beinhaltet Angaben über einen Zeitraum von 24 Stunden während einer intensivmedizinischen Versorgung. Vitalzeichen werden als Kurve dargestellt. Weitere Inhalte sind unter anderem: Medikamentenverabreichung, Pflegemaßnahmen, Beatmungssituation und Laborwerte. Inkl.: IMC Kurve Exkl.: Pflegekurve, Säuglingskurve",VL0901,Intensivmedizinische Dokumente,VL,Verlauf
IntensivmedizinischeKomplexbehandlung,SD110102,Intensivmedizinische Komplexbehandlungsdokumentation,Die Dokumentation beinhaltet alle Angaben zu intensivmedizinischen Scores (bspw. TISS10 und SAPS II).,SD1101,Komplexbehandlungen,SD,Spezielle Dokumentation
Intensivpflegebericht,VL090103,Intensivpflegebericht,Die Dokumentation beinhaltet Angaben des Allgemeinzustands und der durchgeführten Maßnahmen während der intensivmedizinischen Versorgung. Die Erfassung erfolgt nicht standardisiert als Freitext. Exkl.: Pflegebericht,VL0901,Intensivmedizinische Dokumente,VL,Verlauf
Kardioversion,VL040314,Kardioversion,"Die Dokumentation beinhaltet eine kurze Zusammenfassung des Procedere, welches elektronisch oder medikamentös durchgeführt werden kann. Dokumentiert wird in Freitext oder auf standardisiertem Formular. Weitere Inhalte können Angaben zu den Vitaldaten und zur Sedierung während der Durchführung sein.",VL0403,Durchführungsnachweise,VL,Verlauf
Konservenbegleitschein,TH200104,Konservenbegleitschein,Die Dokumentation beinhaltet alle relevanten Daten zu einer angeforderten Blutkonserve.,TH2001,Transfusionsdokumente,TH,Therapie
Konsilberichtextern,AD060104,Konsilbericht extern,Die Dokumentation beinhaltet die Zusammenfassung der Befundung und Empfehlung eines Facharztes für den weiteren Behandlungsverlauf. Erstellt von einer Fremdeinrichtung. Inkl.: KBV Muster 22 (Konsiliarbericht vor Aufnahme einer Psychotherapie); Hinw.: Diese KDL-Dokumentenklasse wird ab 1. Januar 2026 obsolet. Die Abbildung ist ab sofort mit der KDL AD060110 (Konsilbericht) möglich. ,AD0601,Fallbesprechungen,AD,Arztdokumentation
Konsilberichtintern,AD060103,Konsilbericht intern,Die Dokumentation beinhaltet die Befundung und Empfehlung eines konsiliarischen Facharztes für den weiteren Behandlungsverlauf. Erstellt von der entlassenden Einrichtung.; Hinw.: Diese KDL-Dokumentenklasse wird ab 1. Januar 2026 obsolet. Die Abbildung ist ab sofort mit der KDL AD060110 (Konsilbericht) möglich.,AD0601,Fallbesprechungen,AD,Arztdokumentation
Kurzarztbrief,AD010112,Kurzarztbrief,Die Dokumentation beinhaltet die Zusammenfassung des stationären Aufenthaltes in Kurzform.,AD0101,Arztberichte,AD,Arztdokumentation
Laborbefundextern,LB120102,Laborbefund extern,"Die Dokumentation beinhaltet Ergebnisse von Untersuchungen verschiedenster Materialien durch ein Fremdlabor/Praxis. Inkl.: Kumulativbefund, Vorbefund. Exkl.: Mikrobiologiebefund, Serologischer Befund;  Hinw.: Diese KDL-Dokumentenklasse wird ab 1. Januar 2026 obsolet. Die Abbildung ist ab sofort mit der KDL LB120107 (Laborbefund) möglich.",LB1201,Laborbefunde,LB,Labor
Laborbefundintern,LB120103,Laborbefund intern,"Die Dokumentation beinhaltet Ergebnisse von Untersuchungen verschiedenster Materialien durch ein hauseigenes Labor. Inkl.: Kumulativbefund, Vorbefund. Exkl.: Laborbefund extern, Mikrobiologiebefund, Serologischer Befund; Hinw.: Diese KDL-Dokumentenklasse wird ab 1. Januar 2026 obsolet. Die Abbildung ist ab sofort mit der KDL LB120107 (Laborbefund) möglich.",LB1201,Laborbefunde,LB,Labor
Lagerungsplan,VL040304,Lagerungsplan,"Die Dokumentation beinhaltet Angaben über festgelegte Lagerungsintervalle. Inkl.: Dekubitusprophylaxe, Bewegungsplan",VL0403,Durchführungsnachweise,VL,Verlauf
Logopädieprotokoll,TH060102,Logopädieprotokoll,"Die Dokumentation beinhaltet Angaben zur Planung, Zielsetzung und Durchführung der logopädischen Behandlung. Inkl.: Abschlussbericht, Exkl.: Anforderung Funktionstherapie",TH0601,Funktionstherapien,TH,Therapie
MDKGutachten,AM010108,MD Gutachten,"Die Dokumentation beinhaltet das Ergebnis einer Begutachtung durch den Medizinischen Dienst, wie z. B. Einzelfallgutachten, Korrekturgutachten, Strukturgutachten, Grundsatzgutachten, Qualitätskontrollberichte.",AM0101,Abrechnungsdokumente,AM,Administration
MDKPrüfauftrag,AM010107,MD Prüfauftrag,"Die Dokumentation beinhaltet die schriftliche Ankündigung zur Überprüfung eines abrechnungsrelevanten Sachverhaltes oder einer Leistungsgruppen/StrOPS-Prüfung durch den Medizinischen Dienst.  Exkl.: Schriftverkehr MD Kasse, MD Gutachten, Schriftverkehr MD Arzt",AM0101,Abrechnungsdokumente,AM,Administration
MRT-Befund,DG020107,MRT-Befund,"Die Dokumentation beinhaltet Ergebnisse einer speziellen radiologischen Untersuchung, bei der Schnittbilder von Knochen und Weichteilen im menschlichen Körper, mit Hilfe von Magnetfeldern, bildlich dargestellt und ausgewertet werden.",DG0201,Bildgebende Diagnostiken,DG,Diagnostik
Mammographiebefund,DG020114,Mammographiebefund,"Die Dokumentation beinhaltet Ergebnisse einer radiologischen Untersuchung bei der mittels Röntgenstrahlen das Brustgewebe durchleuchtet, bildlich dargestellt und ausgewertet wird. Exkl.: Röntgenbefund",DG0201,Bildgebende Diagnostiken,DG,Diagnostik
Medikamentenplanintern/extern,TH130105,Medikamentenplan extern,n.a.,TH1301,Medikamentöse Therapien,TH,Therapie
Monitoringausdruck,VL090104,Monitoringausdruck,Die Dokumentation beinhaltet Aufzeichnungen von Vitalzeichen und der Sauerstoffsättigung. Der Ausdruck wird elektronisch über einen Vitaldatenmonitor erstellt. Exkl.: Überwachungsprotokoll,VL0901,Intensivmedizinische Dokumente,VL,Verlauf
NIHStrokeScale,VL010107,NIH Stroke Scale,Die Dokumentation beinhaltet Angaben zur Beurteilung eines akut aufgetretenen Schlaganfalls. Die Auswertung erfolgt mittels Punktesystem.,VL0101,Assessmentbögen,VL,Verlauf
Neugeborenenscreening,SD070104,Neugeborenenscreening,Die Dokumentation beinhaltet Untersuchungen vom Neugeborenen. Dazu gehören neben Laboruntersuchungen von Stoffwechselerkrankungen auch Hörtest und Sonographie der Hüften. Inkl.: Apgar,SD0701,Geburtendokumente,SD,Spezielle Dokumentation
Neurographiebefund,DG060114,Neurographiebefund,"Die Dokumentation beinhaltet die Ergebnisse der Messung der Nervenleitgeschwindigkeit peripherer Nerven. Dazu zählen Nerven, die Muskeln versorgen sowie Nerven für Sinnesempfindungen.",DG0601,Funktionsdiagnostiken,DG,Diagnostik
NeurologischeKomplexbehandlung,SD110104,Neurologische Komplexbehandlungsdokumentation,"Die Dokumentation beinhaltet Angaben über  eine mindestens 24-stündige Behandlung auf einer Stroke Unit Station, unter Gewährleistung von ständiger Anwesenheit eines Neurologen, zur kontinuierlichen Betreuung und Überwachung. Inkl.: Stroke Unit Dokumentation",SD1101,Komplexbehandlungen,SD,Spezielle Dokumentation
Notaufnahmebogen,AU190103,Notaufnahmebogen,Die Dokumentation beinhaltet den Befund des aktuellen Zustands in der Notaufnahme (inkl. Triage),AU1901,Rettungsstelle,AU,Aufnahme
OP-Bericht,OP150103,OP-Bericht,Die Dokumentation beinhaltet die  Zusammenfassung des Operationsverlaufes durch den Arzt.,OP1501,OP-Dokumente,OP,Operation
OP-Bilddokumentation,OP150104,OP-Bilddokumentation,"Die Dokumentation beinhaltet ausschließlich die bildliche Dokumentation, die während eines operativen Eingriffes entstanden ist. Exkl. Fotodokumentation Wunden, Fotodokumentation Dekubitus",OP1501,OP-Dokumente,OP,Operation
OP-Checkliste,OP150105,OP-Checkliste,Die Dokumentation beinhaltet Angaben über die Voraussetzungen und den Ablauf eines operativen Eingriffes.,OP1501,OP-Dokumente,OP,Operation
OP-Protokoll,OP150106,OP-Protokoll,"Die Dokumentation beinhaltet zusätzliche Angaben im Rahmen einer Operation. Inhalte sind u. a. OP-Team, Schnitt-Naht-Zeit, Materialverbrauch.",OP1501,OP-Dokumente,OP,Operation
Operationsaufklärungsbogen,AM010303,Operationsaufklärungsbogen,"Die Dokumentation beinhaltet Angaben über die Aufklärung der geplanten Operation, inklusive anamnestischer Erhebungen.",AM0103,Aufklärungen,AM,Administration
PET-Befund,DG020109,PET-Befund,"Die Dokumentation beinhaltet Ergebnisse einer nuklearmedizinischen Untersuchung, welche zum größten Teil im Rahmen der Tumordiagnostik eingesetzt wird. Die Stoffwechselvorgänge im Gewebe werden bildlich dargestellt und ausgewertet. Es handelt sich um eine Positronen-Emissions-Tomographie. Exkl.: CT-Befund, SPECT-Befund, Szintigraphie",DG0201,Bildgebende Diagnostiken,DG,Diagnostik
PKMS-Dokumentation,SD110106,PKMS-Dokumentation,Die Dokumentation beinhaltet Angaben zur Abbildung hochaufwendiger Pflegemaßnahmen in definierten Leistungsbereichen (Standardisierter Pflegekomplexmaßnahmenscore). Exkl.: Teambesprechungsprotokoll,SD1101,Komplexbehandlungen,SD,Spezielle Dokumentation
PalliativmedizinischeKomplexbehandlung,SD110105,Palliativmedizinische Komplexbehandlungsdokumentation,"Die Dokumentation beinhaltet standardisierte Angaben zu Symptom -und Schmerzlinderung bei geringer Lebenserwartung durch eine unheilbare Krankheit. Dies erfolgt unter Beteiligung unterschiedlicher ärztlicher und therapeutischer Fachbereiche. Inkl.: Palliativmedizinisches Basisassessment, Exkl.: Teambesprechungsprotokoll",SD1101,Komplexbehandlungen,SD,Spezielle Dokumentation
Patientenverfügung,AM160104,Patientenverfügung,Die Dokumentation beinhaltet den vorsorglich festgehaltenen letzten Willen.,AM1601,Patienteneigene Dokumente,AM,Administration
Pflegeanamnesebogen,VL160104,Pflegeanamnesebogen,Die Dokumentation beinhaltet Angaben zum aktuellen Pflegezustand bei Aufnahme.,VL1601,Pflegedokumente,VL,Verlauf
Pflegebericht,VL160105,Pflegebericht,Die Dokumentation beinhaltet eine freitextliche Berichterstattung zum pflegerischen Zustand während eines bestimmten Behandlungszeitraums.,VL1601,Pflegedokumente,VL,Verlauf
Pflegekurve,VL160106,Pflegekurve,"Die Dokumentation beinhaltet Angaben, über mehrere klinische Tage, zur Erfassung von Vitalzeichen, Medikamentengaben, Pflegemaßnahmen und Laborwerten. Vitalzeichen werden als Kurve dargestellt. Exkl.: Intensivkurve. Säuglingskurve",VL1601,Pflegedokumente,VL,Verlauf
Pflegenachweis,VL160114,Pflegenachweis,Die Dokumentation beinhaltet einen Nachweis von pflegerischen Leistungen. Exkl.: Pflegebericht,VL1601,Pflegedokumente,VL,Verlauf
Physiotherapieprotokoll,TH060103,Physiotherapieprotokoll,"Die Dokumentation beinhaltet Angaben zur Planung, Zielsetzung und Durchführung der physiotherapeutischen Behandlung. Inkl.: Abschlussbericht, Exkl.: Anforderung Funktionstherapie",TH0601,Funktionstherapien,TH,Therapie
PostoperativeVerordnung,OP150107,Postoperative Verordnung,Die Dokumentation beinhaltet Anweisungen für den weiteren Behandlungsverlauf nach einem operativen Eingriff.,OP1501,OP-Dokumente,OP,Operation
ProtokollErnährungsberatung,TH160101,Protokoll Ernährungsberatung,Die Dokumentation beinhaltet Angaben zu empfohlenen Nahrungsmitteln aufgrund verschiedener Indikationen.,TH1601,Patientenschulungen,TH,Therapie
Prämedikationsprotokoll,TH130110,Prämedikationsprotokoll,"Die Dokumentation beinhaltet Angaben über die Anordnung und Verabreichung von Medikamenten vor einer Maßnahme. Exkl.: Anästhesieaufklärungsbogen, Präoperative Anästhesiedokumentation",TH1301,Medikamentöse Therapien,TH,Therapie
Psychiatrisch-psychotherapeutischerVerlaufsbogen,SD160105,Psychiatrisch-psychotherapeutischer Verlaufsbogen,"Die Dokumentation beinhaltet Angaben über den Verlauf der psychiatrisch-psychotherapeutischen Behandlung, gekennzeichnet durch Einträge zu verschiedenen Zeitpunkten. Inkl.: Komplexbehandlungsbogen Psych, Exkl.: Spezialtherapeutische Verlaufsdokumentation, Dokumentation Verhaltensanalyse",SD1601,Dokumente Psychiatrie - Psychotherapie,SD,Spezielle Dokumentation
Punktionsprotokoll,VL040305,Punktionsprotokoll,"Die Dokumentation beinhaltet Angaben zum Verlauf einer Punktion sowie Nachweise von Biopsien und Checklisten. Inkl.: diagnostischer oder therapeutischer Punktion, Anmeldung zur Punktion",VL0403,Durchführungsnachweise,VL,Verlauf
Reha-Bericht,AD010105,Reha-Bericht,Die Dokumentation beinhaltet die Zusammenfassung des Aufenthaltes während der Rehabilitation.,AD0101,Arztberichte,AD,Arztdokumentation
Röntgenbefund,DG020110,Röntgenbefund,"Die Dokumentation beinhaltet Ergebnisse einer radiologischen Untersuchung bei der Körperstrukturen wie Knochen, Gefäße und innere Organe mit Hilfe eines Röntgen-Gerätes durchleuchtet, bildlich dargestellt und ausgewertet werden. Exkl.: Mammographie, Angiographiebefund",DG0201,Bildgebende Diagnostiken,DG,Diagnostik
Schluckuntersuchung,DG060117,Schluckuntersuchung,Die Dokumentation beinhaltet die Ergebnisse einer Prüfung des Schluckverhaltens.,DG0601,Funktionsdiagnostiken,DG,Diagnostik
Schmerztherapieprotokoll,TH130109,Schmerztherapieprotokoll,Die Dokumentation beinhaltet Angaben über die Durchführung einer medikamentösen schmerzlindernden Therapie. Inkl.: Therapieplan Schmerztherapie,TH1301,Medikamentöse Therapien,TH,Therapie
SchriftverkehrKrankenkasse,AM190104,Schriftverkehr Krankenkasse,"Die Dokumentation beinhaltet sämtliche Korrespondenz zwischen medizinischer Einrichtung und Krankenkasse. Inkl.: KBV Muster 50/51, PTV4 Exkl.: Widerspruchsbegründung",AM1901,Schriftverkehr,AM,Administration
Schweigepflichtentbindung,AM050107,Schweigepflichtentbindung,"Die Dokumentation beinhaltet die schriftliche Einwilligung um medizinische Daten, die der ärztlichen Schweigepflicht unterliegen, an Dritte weitergeben zu dürfen.",AM0501,Einwilligungen/Erklärungen,AM,Administration
Sonographiebefund,DG020111,Sonographiebefund,"Die Dokumentation beinhaltet Ergebnisse einer Untersuchung mittels Ultraschall, bei der organisches Gewebe bildlich dargestellt und ausgewertet werden. Exkl.: Echokardiographie, Inkl.: Doppler-, Duplexsonographie, Endosonographie",DG0201,Bildgebende Diagnostiken,DG,Diagnostik
SonstigeAnästhesiedokumentation,OP010199,Sonstige Anästhesiedokumentation,"Die Dokumentation beinhaltet Angaben, die nicht in einer spezifischeren KDL dieser Unterklasse abgebildet werden kann. Inkl.: Anästhesieausweis, Katheterprotokoll Anästhesie, PCEA Protokoll",OP0101,Anästhesie,OP,Operation
SonstigeDiabetesdokumentation,VL040199,Sonstige Diabetesdokumentation,"Die Dokumentation beinhaltet Angaben, die nicht in einer spezifischeren KDL dieser Unterklasse abgebildet werden kann. Inkl.: Diabetes Verlaufsdokumentation, Diabetologische Empfehlungen, Diabetesberatung",VL0401,Diabetesdokumente,VL,Verlauf
SonstigeDokumentationBlut,LB020199,Sonstige Dokumentation Blut,"Die Dokumentation beinhaltet Angaben, die nicht in einer spezifischeren KDL dieser Unterklasse abgebildet werden kann. Inkl.: Aphareseprotokoll, Plasmaphereseprotokoll, Photophereseprotokoll",LB0201,Blut,LB,Labor
SonstigeDokumentationFunktionsdiagnostik,DG060199,Sonstige Dokumentation Funktionsdiagnostik,"Die Dokumentation beinhaltet Angaben, die nicht in einer spezifischeren KDL dieser Unterklasse abgebildet werden kann. Inkl.: PH Metrie, CNG-Analyse",DG0601,Funktionsdiagnostiken,DG,Diagnostik
SonstigeDokumentationbildgebendeDiagnostik,DG020199,Sonstige Dokumentation bildgebende Diagnostik,"Die Dokumentation beinhaltet Angaben, die nicht in einer spezifischeren KDL dieser Unterklasse abgebildet werden kann. Inkl.: Kapillarmikroskopie",DG0201,Bildgebende Diagnostiken,DG,Diagnostik
SonstigeEinwilligung/Erklärung,AM050199,Sonstige Einwilligung/Erklärung,"Die Dokumentation beinhaltet Angaben, die nicht in einer spezifischeren KDL dieser Unterklasse abgebildet werden kann. Inkl.: Abtretungserklärung, Aushändigung der Explantate, Einwilligung zum Tragen des Patientenidentifikationsarmbandes, Patientenerklärung Europäische Krankenversicherung, Zustimmungserklärung. Exkl.: Einwilligungen im Rahmen der medizinischen Aufklärung (Unterklasse Aufklärungen (AM0103))",AM0501,Einwilligungen/Erklärungen,AM,Administration
SonstigeFallbesprechung,AD060199,Sonstige Fallbesprechung,"Die Dokumentation beinhaltet Angaben, die nicht in einer spezifischeren KDL dieser Unterklasse abgebildet werden kann. Inkl.: Angehörigengespräch/Patientengespräch/Entlassungsgespräch, Gesprächsnotiz, Sprechstundenprotokoll",AD0601,Fallbesprechungen,AD,Arztdokumentation
SonstigeOP-Dokumentation,OP150199,Sonstige OP-Dokumentation,"Die Dokumentation beinhaltet Angaben, die nicht in einer spezifischeren KDL dieser Unterklasse abgebildet werden kann. Inkl.: Begleitschein für Explantate, OP Begleitzettel, OP Übergabeprotokoll, OP Vorbereitungsbogen, HLM Protokoll",OP1501,OP-Dokumente,OP,Operation
SonstigeWunddokumentation,VL230199,Sonstige Wunddokumentation,"Die Dokumentation beinhaltet Angaben, die nicht in einer spezifischeren KDL dieser Unterklasse abgebildet werden kann. Inkl.: Anamnese Wunddokumentation, Aufnahme- und Kurzprotokoll Wundtherapie, Wundmanagement",VL2301,Wunddokumente,VL,Verlauf
SonstigemedizinischeDokumentation,UB999999,Sonstige medizinische Dokumentation,"Die Dokumentation beinhaltet alle Dokumententypen, die nicht in eine spezifischeren KDL aller Unterklassen abgebildet werden können. Inkl.: Patientenetiketten, Visitenkarte, Registerblätter",UB9999,Sonstige Dokumentation,UB,Sonstiges
SonstigerAntrag,AM010299,Sonstiger Antrag,"Die Dokumentation beinhaltet Angaben, die nicht in einer spezifischeren KDL dieser Unterklasse abgebildet werden kann. Inkl.: Antrag auf Haushaltshilfe",AM0102,Anträge,AM,Administration
SonstigerAssessmentbogen,VL010199,Sonstiger Assessmentbogen,"Die Dokumentation beinhaltet Angaben, die nicht in einer spezifischeren KDL dieser Unterklasse abgebildet werden kann. Inkl.: Atemskala, COPD Assessment, Delirium Screening, Finnegan Score, Hornheider Screening Instrument, Karnofsky Index, Wortfindungstest, Schreibprobe, Dubowitz Score",VL0101,Assessmentbögen,VL,Verlauf
SonstigerAufklärungsbogen,AM010399,Sonstiger Aufklärungsbogen,"Die Dokumentation beinhaltet Angaben, die nicht in einer spezifischeren KDL dieser Unterklasse abgebildet werden kann. Inkl.: Aufklärung - Zentralvenöser Katheter, Aufklärungsbogen - Geburtseinleitung, Aufklärung - Anwesenheit des Vaters/ einer Vertrauensperson bei der Entbindung, Aufklärung - Eigenblutspende einschließlich Eigenblutrückübertragung",AM0103,Aufklärungen,AM,Administration
SonstigerIntensivdokumentationsbogen,VL090199,Sonstiger Intensivdokumentationsbogen,"Die Dokumentation beinhaltet Angaben, die nicht in einer spezifischeren KDL dieser Unterklasse abgebildet werden kann. Inkl.: Dokumentation Therapiebegrenzung, Hämodynamische Verlaufsdokumentation, PICCO Protokoll.",VL0901,Intensivmedizinische Dokumente,VL,Verlauf
SonstigerSchriftverkehr,AM190199,Sonstiger Schriftverkehr,"Die Dokumentation beinhaltet Angaben, die nicht in einer spezifischeren KDL dieser Unterklasse abgebildet werden kann. Inkl.: KBV Muster 53 (Anfrage zum Zusammenhang von Arbeitsunfähigkeitszeiten), Mitteilung Termin, Übersendung Unterlagen, Mitteilung Termin stationäre Aufnahme",AM1901,Schriftverkehr,AM,Administration
SonstigeronkologischerDokumentationsbogen,SD150199,Sonstiger onkologischer Dokumentationsbogen,"Die Dokumentation beinhaltet Angaben, die nicht in einer spezifischeren KDL dieser Unterklasse abgebildet werden kann. Inkl.: Checkliste für Tumorpatienten, Psychoonkologische Basisdokumentation, Tumorverlaufsblatt",SD1501,Onkologische Dokumente,SD,Spezielle Dokumentation
SonstigesDokumentSozialdienst,AM190299,Sonstiges Dokument Sozialdienst,"Die Dokumentation beinhaltet Angaben, die nicht in einer spezifischeren KDL dieser Unterklasse abgebildet werden kann. Inkl.: Anforderung Sozialdienst, Meldung an Sozialdienst, Verlaufsdokumentation Sozialdienst",AM1902,Sozialdienst,AM,Administration
SonstigesFunktionstherapieprotokoll,TH060199,Sonstiges Funktionstherapieprotokoll,"Die Dokumentation beinhaltet Angaben, die nicht in einer spezifischeren KDL dieser Unterklasse abgebildet werden kann. Inkl.: Fototherapie, Hypothermiebogen, Reittherapie. Exkl.: Spezialtherapeutische Verlaufsdokumentation",TH0601,Funktionstherapien,TH,Therapie
SonstigesProtokollPatientenschulung,TH160199,Sonstiges Protokoll Patientenschulung,"Die Dokumentation beinhaltet Angaben, die nicht in einer spezifischeren KDL dieser Unterklasse abgebildet werden kann. Inkl.: Anmeldung Patientenschulung, Exkl.: Diabetesberatung",TH1601,Patientenschulungen,TH,Therapie
SonstigesQualitätssicherungsdokument,AM170199,Sonstiges Qualitätssicherungsdokument,"Die Dokumentation beinhaltet Angaben, die nicht in einer spezifischeren KDL dieser Unterklasse abgebildet werden kann. Inkl.: Komplikationsbogen, Leitfäden, Nachbehandlungsschema, Leitlinien, Verfahrensanweisung. Exkl.: SOP im Kontext Klinische Studien",AM1701,Qualitätssicherungen,AM,Administration
SonstigespatienteneigenesDokument,AM160199,Sonstiges patienteneigenes Dokument,"Die Dokumentation beinhaltet Angaben, die nicht in einer spezifischeren KDL dieser Unterklasse abgebildet werden kann. Inkl.: Ausweis Antikoagulanzienbehandlung, Urkunde (Notar), Zeugnis",AM1601,Patienteneigene Dokumente,AM,Administration
Sonstigespsychiatrisch-psychotherapeutischesDokument,SD160199,Sonstiges psychiatrisch-psychotherapeutisches Dokument,"Die Dokumentation beinhaltet Angaben, die nicht in einer spezifischeren KDL dieser Unterklasse abgebildet werden kann. Inkl.: Psychischer Untersuchungsbefund, Psychopathologischer Befund",SD1601,Dokumente Psychiatrie - Psychotherapie,SD,Spezielle Dokumentation
Stammblatt,AU010105,Stammblatt,Die Dokumentation beinhaltet zusammengefasst administrative und persönliche Daten im Überblick.,AU0101,Aufnahmedokumente,AU,Aufnahme
Stomadokumentation,VL040312,Stomadokumentation,Die Dokumentation beinhaltet Angaben zur Erst-und Folgeversorgung eines künstlichen Ausganges.,VL0403,Durchführungsnachweise,VL,Verlauf
Sturzprotokoll,VL160109,Sturzprotokoll,Die Dokumentation beinhaltet Angaben zu einem Sturz und den daraus resultierenden Maßnahmen.,VL1601,Pflegedokumente,VL,Verlauf
Szintigraphiebefund,DG020113,Szintigraphiebefund,"Die Dokumentation beinhaltet Ergebnisse einer nuklearmedizinischen Untersuchung, mittels Gabe einer radioaktiven Substanz, bei welcher Entzündungen oder Tumore in Organen und Knochen bildlich dargestellt und ausgewertet werden. Exkl.: PET-Befund, SPECT-Befund",DG0201,Bildgebende Diagnostiken,DG,Diagnostik
Teambesprechungsprotokoll,AD060107,Teambesprechungsprotokoll,"Die Dokumentation beinhaltet Angaben zu einer interdisziplinären Beratung über den aktuellen Gesundheitszustand mit Risikeinschätzung, Indikationsstellung und der Planung des weiteren Verlaufes/Vorgehens inkl. beteiligte Berufsgruppen/Facharztgruppen (z.B. Herzteam-Protokoll). Exkl.: Tumorkonferenzprotokoll",AD0601,Fallbesprechungen,AD,Arztdokumentation
Todesbescheinigung,AD020103,Todesbescheinigung,"Die Dokumentation beinhaltet Angaben zum Verstorbenen, zur Feststellung des Todes, zur Todesart sowie weiteren Zusatzangaben. Inkl.: Leichenbegleitschein, Sterbefallanzeige",AD0201,Bescheinigungen,AD,Arztdokumentation
Tumorkonferenzprotokoll,SD150103,Tumorkonferenzprotokoll,"Die Dokumentation beinhaltet Ergebnisse des Zusammentreffens von verschiedenen Fachärzten, über die Beratung der weiteren Behandlung von Tumorerkrankungen.",SD1501,Onkologische Dokumente,SD,Spezielle Dokumentation
Urinbefund,LB130102,Urinbefund,"Die Dokumentation beinhaltet Ergebnisse der Urin-Untersuchung, um Erkrankungen der Harnorgane und Stoffwechselstörungen festzustellen. Exkl.: Mikrobiologiebefund, Laborbefund intern/extern",LB1301,Mikrobiologie,LB,Labor
Uroflowmetrie,DG060124,Uroflowmetrie,"Die Dokumentation beinhaltet Ergebnisse einer urologischen Untersuchungsmethode, bei der eine Messung der Menge und Dauer des Harnflusses vorgenommen wird. Inkl.: Urodynamische Untersuchung",DG0601,Funktionsdiagnostiken,DG,Diagnostik
Verlaufsdokumentationsbogen,VL160111,Verlaufsdokumentationsbogen,Die Dokumentation beinhaltet Angaben zum chronologischen Verlauf des Gesundheitszustandes und der durchgeführten Maßnahmen.,VL1601,Pflegedokumente,VL,Verlauf
Verlegungsberichtintern,AD010106,Verlegungsbericht intern,"Die Dokumentation beinhaltet die endgültige Zusammenfassung des stationären Aufenthaltes für die Verlegung auf eine andere Station, Fachbereich oder Einrichtung. Exkl.: Entlassungsbericht intern, Verlegungsschein intern; Hinw.: Diese KDL-Dokumentenklasse wird ab 1. Januar 2026 obsolet. Die Abbildung ist ab sofort mit der KDL AD010116 (Verlegungsbericht) möglich.",AD0101,Arztberichte,AD,Arztdokumentation
VerordnungvonKrankenhausbehandlung,AU050101,Verordnung von Krankenhausbehandlung,Die Dokumentation beinhaltet Angaben zum Grund der stationären Aufnahme. Standardisiertes Einweisungsdokument gemäß Kassenärztliche Bundesvereinigung (KBV Muster 2).,AU0501,Einweisungs-/ Überweisungsdokumente,AU,Aufnahme
Visitenprotokoll,AD060105,Visitenprotokoll,"Die Dokumentation beinhaltet Angaben zu einer ärztlichen, therapeutischen und pflegerischen Besprechung zum aktuellen Zustand sowie weitere Maßnahmen. Visiten erfolgen in der Regel direkt im Beisein des zu Behandelnden. Exkl.: Ärztlicher Verlaufsbericht, Pflegevisite, Apotheke Visitenprotokoll",AD0601,Fallbesprechungen,AD,Arztdokumentation
VorläufigerArztbericht,AD010108,Vorläufiger Arztbericht,Die Dokumentation beinhaltet die vorläufige Fassung des Entlassungsberichtes.,AD0101,Arztberichte,AD,Arztdokumentation
Wahlleistungsvertrag,AM220102,Wahlleistungsvertrag,"Die Dokumentation beinhaltet Angaben zu zusätzlich gewählten Leistungen, während einer Behandlung, zwischen Einrichtung und Patient.",AM2201,Verträge,AM,Administration
Wertgegenständeverwaltung,AM160105,Wertgegenständeverwaltung,"Die Dokumentation beinhaltet eine Sachauflistung zu Gegenständen, die bei Aufnahme mit in die Einrichtung gebracht wurden. Inkl.: Nachweise über Ein- und Ausgang von Geld, Verlustmeldungen",AM1601,Patienteneigene Dokumente,AM,Administration
Widerspruchsbegründung,AM190113,Widerspruchsbegründung,Die Dokumentation beinhaltet den (medizinischen) Widerspruch gegen einen Leistungsentscheid. Exkl.: Ärztlicher Widerspruch im laufenden MD-Verfahren (Schriftkehr MD Arzt),AM1901,Schriftverkehr,AM,Administration
Wunddokumentationsbogen,VL230101,Wunddokumentationsbogen,"Die Dokumentation beinhaltet Angaben zu Hautdefekten, deren Lokalisation, Versorgung und Beschreibung. Inkl.: Wundkonsil",VL2301,Wunddokumente,VL,Verlauf
ÄrztlicheStellungnahme,AD010101,Ärztliche Stellungnahme,"Die Dokumentation beinhaltet die ärztliche Einschätzung zum Gesundheitszustand für nachfolgende Zwecke. Inkl.: Gutachten, Unfallanzeige, KBV Muster 36, PTV5/8, Ärztliches Zeugnis, Dokumentation von Therapiezielen/Therapiezieländerungen Exkl.: MD-Gutachten",AD0101,Arztberichte,AD,Arztdokumentation
ÄrztlicherFragebogen,AD020207,Ärztlicher Fragebogen,"Die Dokumentation beinhaltet Angaben zu gezielten Fragen, die ausschließlich durch einen Arzt beantwortet werden. z.B. Ärztlicher Fragebogen zur Aufnahme in die vollstationäre Pflege, Kurzzeitpflege oder Tagespflege.",AD0202,Befunderhebungen,AD,Arztdokumentation
ÄrztlicherVerlaufsbericht,AD010110,Ärztlicher Verlaufsbericht,Die Dokumentation beinhaltet Angaben zum chronologischen Verlauf der Erkrankung und durchgeführten Maßnahmen aus Sicht des Arztes. Inkl.: Standardisierte Formulare zur ärztlichen Verlaufsdokumentation Exkl.: Visitenprotokoll,AD0101,Arztberichte,AD,Arztdokumentation
ÜbersichtabrechnungsrelevanterDiagnosen/Prozeduren,AM010101,Übersicht abrechnungsrelevanter Diagnosen / Prozeduren,"Die Dokumentation beinhaltet alle Diagnosen und Leistungen im Rahmen einer Behandlung, welche die Grundlage zur Abrechnung beim jeweiligen Kostenträger bilden.",AM0101,Abrechnungsdokumente,AM,Administration
Überwachungsprotokoll,VL160110,Überwachungsprotokoll,"Die Dokumentation beinhaltet Angaben zur engmaschigen, pflegerischen Überwachung über einen bestimmten Zeitraum. Exkl.: Monitoringausdruck",VL1601,Pflegedokumente,VL,Verlauf
